{
  "valence": -0.027695322409272194,
  "arousal": 0.10837236791849136,
  "word": "tender"
}